,0
0,7-days
1,Abraham
2,Aerzener
3,Agrarfrost
4,Alb-Gold
5,Almondy
6,Alpenhain
7,Alpro
8,Amecke-Fruchtsaft
9,Amicelli
10,Andechser-Molkerei
11,apetito
12,Appel-Feinkost
13,Ariel
14,Arla
15,Astenhof
16,Aurora
17,Bacardi-Deutschland
18,Balisto
19,Bärenmarke
20,Barilla
21,Barteroder
22,Bauer
23,Bauerngut
24,Becel
25,Beckers-Bester
26,Berchtesgadener-Land
27,Bergader-Privatkäserei
28,Bertolli
29,Bihophar
30,bio-zentrale
31,Birkel
32,Bitburger-Privatbrauerei
33,Bley
34,Block-House
35,Boeklunder
36,bonbel
37,Bonduelle
38,Bonne-Maman
39,Brandt
40,Breisgaumilch
41,Breitsamer
42,Bresso
43,Brunch
44,Buitoni
45,Buenting-Tee
46,Buerger
47,Burger-Knäcke
48,Burgis
49,Buss
50,Campari
51,Campina
52,Capri-Sonne
53,Captain-Morgan
54,Cebe
55,Chaumes
56,Chico
57,Chivers
58,Cinzano
59,Coca-Cola
60,Coppenrath---Wiese-Conditorei
61,Costa
62,Dallmayr
63,Danone
64,Danone-Dany-Sahne
65,darbo
66,De-Beukelaer
67,DEH-Entrup
68,Del-Monte
69,Delacre
70,Deli-Reform
71,Den-Gamle
72,Dennree
73,Diamant
74,Ditsch
75,Dittmann
76,Domspitzmilch
77,Dorfmuehle
78,Dovgan
79,Dr.-Oetker
80,Du-darfst
81,Duplo
82,dusch-das
83,Eduscho
84,Ehrmann
85,Emmi
86,Erasco
87,Erben-Wein
88,Eridanous
89,Erlenbacher-Backhits
90,Escoffier
91,Exquisa
92,Ferdi-Fuchs
93,Ferrero
94,Freixenet
95,Frenzel
96,Friedrichs
97,Frießinger-Muehle
98,Frigeo
99,Frischli
100,Frosta
101,Frostkrone
102,Fuchs-Gewuerze
103,Funny-Frisch
104,Gaggli
105,Garnier
106,Gepa
107,Gerolsteiner-Brunnen
108,Golden-Toast
109,Goldsteig
110,Grafschafter
111,Granini
112,Grashoff
113,Gritto
114,Grotemeyers-Konditorei
115,Gubor
116,Gut---Gerne
117,Gutfried
118,Häagen-Dazs
119,Hachez
120,Halloren
121,Haribo
122,Harry
123,Hatting
124,Hawesta
125,head---shoulders
126,Henglein
127,Hengstenberg
128,Herta
129,Hipp
130,Hochland
131,Hochwald
132,Hohes-C
133,Holsten
134,Homann
135,Hopf
136,Houdek
137,Huober
138,Ibero
139,Ibis
140,Iceland-Seafood
141,Iglo
142,illy
143,Indonesia
144,Intercookies
145,Jacobs
146,Jeden-Tag
147,Jim-Beam
148,Juergen-Langbein
149,Kastner
150,Katjes
151,Katlenburger
152,Kattus
153,Kelloggs
154,Kemper
155,Kerrygold
156,Knorr
157,Koelln
158,Koenecke
159,Krause-Meat
160,Krueger
161,Kuchenmeister
162,Kuechenmeister
163,Kuehlmann
164,Kuehne
165,Kupferberg
166,Kuestengold
167,L-Oreal
168,La-Comtesse
169,Lacroix
170,Lambertz
171,Landfrisch
172,Landliebe
173,Langnese
174,Laschinger
175,Lavazza
176,Lawa
177,Leerdammer
178,Leibniz
179,LeRo
180,Leverno
181,Liakada
182,Libbys
183,Lieken-Urkorn
184,Lindt---Spruengli
185,Lipton
186,Lorenz-Snack-World
187,Luenebest
188,Lysell
189,M-Ms
190,Mackays
191,Maggi
192,Mamma-Lucia
193,Manner
194,Marathon-/-Penny
195,Mars
196,Mayo-Feinkost
197,Mazola
198,McCain
199,Meggle
200,Meica
201,Melitta
202,Menz-Gasser
203,Menzi
204,Merl
205,Mertinger
206,Meßmer-Tee
207,Mestemacher
208,Milford
209,Milka
210,Milkana
211,Milram
212,Minges-Kaffee
213,MinusL
214,Miree
215,Mondamin
216,Moevenpick
217,Muh
218,Mueller-Milch
219,Muellers-Muehle
220,Mutti
221,Nescafe
222,Nesquik
223,Nestle
224,Niederegger
225,Niklas
226,NISSIN-Foods
227,Nivea
228,Nosari
229,Nowka
230,nutella
231,Odenwald
232,Omira-Milch
233,Omo
234,Optiwell
235,Oro-Di-Parma
236,Oryza
237,Ostmann
238,Ovomaltine
239,Palmbräu
240,Paulsen
241,Paulus
242,Pema
243,Pepsi-Cola
244,Pfanner
245,Pfanni
246,Pickerd-Dekor
247,Ponnath
248,Popp-Feinkost
249,Pringles
250,Punica
251,Quisit
252,Rapunzel
253,Rauch
254,Ravensberger
255,Red-Bull
256,Rehm
257,Reinert
258,Rheinfels-Quelle
259,Ricola
260,Ristic
261,Rocky-Mountain
262,Roland
263,Rotkäppchen-Sekt
264,Royal-Greenland
265,Ruf
266,Ruegen-Feinkost
267,Ruegen-Fisch
268,Ruegenwalder-Muehle
269,Sacla
270,Saint-Albray
271,Salzburg
272,Sanella
273,Sarotti
274,Saupiquet
275,Schär
276,Schauma
277,Schneekoppe
278,Schwartau
279,Schwarzkopf
280,Schwarzwaldmilch
281,Seeberger
282,Seitenbacher-Naturkost
283,Senseo
284,Sinalco
285,Sinnack
286,Smirnoff
287,Sojola
288,Sonnen-Bassermann
289,Spreewaldhof
290,Sprehe
291,St.-Dalfour
292,Steinhaus
293,Stockmeyer
294,Stolle
295,Stollwerck
296,Stuehrk
297,Suempol
298,Swirl
299,Tannenhof
300,Tassimo
301,Tchibo-1
302,Tekrum-Kleine-Konditorei
303,Thoks
304,Thomy
305,tic-tac
306,Tillmans
307,Toggenburger
308,Toni-Kaiser
309,Toppits
310,Tress
311,Trolli
312,TUC
313,Twix
314,Uncle-Bens
315,Unilever-Deutschland
316,Valensina
317,Valenzi
318,Valess
319,Veltins
320,Verival-Bio
321,Vileda
322,Vitasia-India
323,Vittel
324,Volvic
325,Vossko
326,Wagner
327,Warsteiner-Brauerei
328,Wasa
329,Weight-Watchers
330,Weihenstephan
331,Weins
332,Werder-Feinkost
333,Wernesgruener-Brauerei
334,Weser-Gold
335,Westfalen-Land
336,whole-earth
337,Wichmann-Enten
338,Wick
339,Wiesenhof
340,Wilthener
341,Wiltmann
342,Windau
343,Winsenia
344,Wolf-Wurst
345,Wurzener
346,Yeni-Raki
347,Zabler
348,Zentis
349,Zigeli
350,Zimbo
351,Zott
352,Zimbo
